Resolution,ChrNr,Sample1,Sample2,Q
40000,15,G401_BR1,G401_BR2,0.991509941339345
40000,15,G401_BR1,A549_BR1,0.5654650915076963
40000,15,G401_BR1,A549_BR2,0.5558211985034396
40000,15,G401_BR1,LNCap_BR1,0.8216884738303943
40000,15,G401_BR1,LNCap_BR2,0.6067280896362002
40000,15,G401_BR1,HFFc6_BR1,0.7151829625897194
40000,15,G401_BR1,HFFc6_BR2,0.8384032207599196
40000,15,G401_BR1,HFFc6_BR3,0.8348667802448
40000,15,G401_BR1,H1-hESC_BR1,0.8104565580039828
40000,15,G401_BR1,H1-hESC_BR2,0.8504565434027384
40000,15,G401_BR2,A549_BR1,0.5873955600101077
40000,15,G401_BR2,A549_BR2,0.5790967602546617
40000,15,G401_BR2,LNCap_BR1,0.8384722105242961
40000,15,G401_BR2,LNCap_BR2,0.5945469691274744
40000,15,G401_BR2,HFFc6_BR1,0.7643084405441296
40000,15,G401_BR2,HFFc6_BR2,0.8638853745356394
40000,15,G401_BR2,HFFc6_BR3,0.8791765055030588
40000,15,G401_BR2,H1-hESC_BR1,0.8543764980979189
40000,15,G401_BR2,H1-hESC_BR2,0.8841853447242909
40000,15,A549_BR1,A549_BR2,0.9954628328130426
40000,15,A549_BR1,LNCap_BR1,0.6994199785625551
40000,15,A549_BR1,LNCap_BR2,0.5736091640628963
40000,15,A549_BR1,HFFc6_BR1,0.4401282016480509
40000,15,A549_BR1,HFFc6_BR2,0.4427388936665705
40000,15,A549_BR1,HFFc6_BR3,0.47185202507348795
40000,15,A549_BR1,H1-hESC_BR1,0.5118929491097141
40000,15,A549_BR1,H1-hESC_BR2,0.4667500929150297
40000,15,A549_BR2,LNCap_BR1,0.6959002798682596
40000,15,A549_BR2,LNCap_BR2,0.5603985636896923
40000,15,A549_BR2,HFFc6_BR1,0.4291939165009884
40000,15,A549_BR2,HFFc6_BR2,0.42668697800848465
40000,15,A549_BR2,HFFc6_BR3,0.4579968286627458
40000,15,A549_BR2,H1-hESC_BR1,0.5117649526469824
40000,15,A549_BR2,H1-hESC_BR2,0.46058346626227387
40000,15,LNCap_BR1,LNCap_BR2,0.8634760027827911
40000,15,LNCap_BR1,HFFc6_BR1,0.6993964441126479
40000,15,LNCap_BR1,HFFc6_BR2,0.7417790137158119
40000,15,LNCap_BR1,HFFc6_BR3,0.7966832615302436
40000,15,LNCap_BR1,H1-hESC_BR1,0.723210569694652
40000,15,LNCap_BR1,H1-hESC_BR2,0.7441485337856851
40000,15,LNCap_BR2,HFFc6_BR1,0.5595541042142103
40000,15,LNCap_BR2,HFFc6_BR2,0.5316323114881611
40000,15,LNCap_BR2,HFFc6_BR3,0.5788756021311053
40000,15,LNCap_BR2,H1-hESC_BR1,0.5015801560073807
40000,15,LNCap_BR2,H1-hESC_BR2,0.5386081075741942
40000,15,HFFc6_BR1,HFFc6_BR2,0.8761458563786175
40000,15,HFFc6_BR1,HFFc6_BR3,0.9322611478859195
40000,15,HFFc6_BR1,H1-hESC_BR1,0.8412991971849527
40000,15,HFFc6_BR1,H1-hESC_BR2,0.8644490850167932
40000,15,HFFc6_BR2,HFFc6_BR3,0.9545015180752667
40000,15,HFFc6_BR2,H1-hESC_BR1,0.8582407353035801
40000,15,HFFc6_BR2,H1-hESC_BR2,0.8736158129591343
40000,15,HFFc6_BR3,H1-hESC_BR1,0.8997995724503808
40000,15,HFFc6_BR3,H1-hESC_BR2,0.9088501750197975
40000,15,H1-hESC_BR1,H1-hESC_BR2,0.9757816282927301
40000,16,G401_BR1,G401_BR2,0.9821037040084861
40000,16,G401_BR1,A549_BR1,0.8985593452797022
40000,16,G401_BR1,A549_BR2,0.8951228138943901
40000,16,G401_BR1,LNCap_BR1,0.8037258629078332
40000,16,G401_BR1,LNCap_BR2,0.5797743395473532
40000,16,G401_BR1,HFFc6_BR1,0.8405824601807304
40000,16,G401_BR1,HFFc6_BR2,0.9010360254690027
40000,16,G401_BR1,HFFc6_BR3,0.9112943051242567
40000,16,G401_BR1,H1-hESC_BR1,0.864126257575819
40000,16,G401_BR1,H1-hESC_BR2,0.8781752738520626
40000,16,G401_BR2,A549_BR1,0.9377028292759272
40000,16,G401_BR2,A549_BR2,0.9188246662538013
40000,16,G401_BR2,LNCap_BR1,0.8622645282324108
40000,16,G401_BR2,LNCap_BR2,0.5736954999361208
40000,16,G401_BR2,HFFc6_BR1,0.79531497009825
40000,16,G401_BR2,HFFc6_BR2,0.8944056240644742
40000,16,G401_BR2,HFFc6_BR3,0.9246471604993618
40000,16,G401_BR2,H1-hESC_BR1,0.8805743255229995
40000,16,G401_BR2,H1-hESC_BR2,0.8742332172353907
40000,16,A549_BR1,A549_BR2,0.9844566699483339
40000,16,A549_BR1,LNCap_BR1,0.9461900880376498
40000,16,A549_BR1,LNCap_BR2,0.7213733862234386
40000,16,A549_BR1,HFFc6_BR1,0.6989919382651062
40000,16,A549_BR1,HFFc6_BR2,0.8131430935446743
40000,16,A549_BR1,HFFc6_BR3,0.8652443171111354
40000,16,A549_BR1,H1-hESC_BR1,0.864357921535678
40000,16,A549_BR1,H1-hESC_BR2,0.8370632453710911
40000,16,A549_BR2,LNCap_BR1,0.9332123081527408
40000,16,A549_BR2,LNCap_BR2,0.7775778519143559
40000,16,A549_BR2,HFFc6_BR1,0.7142635050019471
40000,16,A549_BR2,HFFc6_BR2,0.793415381197827
40000,16,A549_BR2,HFFc6_BR3,0.840038718129589
40000,16,A549_BR2,H1-hESC_BR1,0.8463055697042601
40000,16,A549_BR2,H1-hESC_BR2,0.8305290862950101
40000,16,LNCap_BR1,LNCap_BR2,0.8011917400986414
40000,16,LNCap_BR1,HFFc6_BR1,0.5847652479828638
40000,16,LNCap_BR1,HFFc6_BR2,0.7055236840838071
40000,16,LNCap_BR1,HFFc6_BR3,0.746842522788395
40000,16,LNCap_BR1,H1-hESC_BR1,0.7553332706013375
40000,16,LNCap_BR1,H1-hESC_BR2,0.723243467882728
40000,16,LNCap_BR2,HFFc6_BR1,0.4606609903133568
40000,16,LNCap_BR2,HFFc6_BR2,0.3874592829387473
40000,16,LNCap_BR2,HFFc6_BR3,0.4183295978419989
40000,16,LNCap_BR2,H1-hESC_BR1,0.46661197529419185
40000,16,LNCap_BR2,H1-hESC_BR2,0.4995013557255137
40000,16,HFFc6_BR1,HFFc6_BR2,0.8809931825241303
40000,16,HFFc6_BR1,HFFc6_BR3,0.8886941518063872
40000,16,HFFc6_BR1,H1-hESC_BR1,0.8312852923365741
40000,16,HFFc6_BR1,H1-hESC_BR2,0.9022265630868477
40000,16,HFFc6_BR2,HFFc6_BR3,0.9592783872411633
40000,16,HFFc6_BR2,H1-hESC_BR1,0.9405884498237295
40000,16,HFFc6_BR2,H1-hESC_BR2,0.9418331451643642
40000,16,HFFc6_BR3,H1-hESC_BR1,0.9305367830283383
40000,16,HFFc6_BR3,H1-hESC_BR2,0.9256838841899233
40000,16,H1-hESC_BR1,H1-hESC_BR2,0.9814700602714576
40000,17,G401_BR1,G401_BR2,0.9806726216822669
40000,17,G401_BR1,A549_BR1,0.8729729690709626
40000,17,G401_BR1,A549_BR2,0.6106052880049261
40000,17,G401_BR1,LNCap_BR1,-0.3569026553084386
40000,17,G401_BR1,LNCap_BR2,-0.4770484770738802
40000,17,G401_BR1,HFFc6_BR1,0.5402000771800316
40000,17,G401_BR1,HFFc6_BR2,0.5837779803601576
40000,17,G401_BR1,HFFc6_BR3,0.8408166793842975
40000,17,G401_BR1,H1-hESC_BR1,0.8074418401751827
40000,17,G401_BR1,H1-hESC_BR2,0.8171266409899159
40000,17,G401_BR2,A549_BR1,0.8918038979298736
40000,17,G401_BR2,A549_BR2,0.6444955699499427
40000,17,G401_BR2,LNCap_BR1,-0.29805531140667035
40000,17,G401_BR2,LNCap_BR2,-0.41767384539953595
40000,17,G401_BR2,HFFc6_BR1,0.5945403238014331
40000,17,G401_BR2,HFFc6_BR2,0.6091962969048947
40000,17,G401_BR2,HFFc6_BR3,0.8646534445215247
40000,17,G401_BR2,H1-hESC_BR1,0.7993531719221548
40000,17,G401_BR2,H1-hESC_BR2,0.8140797415663656
40000,17,A549_BR1,A549_BR2,0.8793113039607792
40000,17,A549_BR1,LNCap_BR1,0.03300942473094033
40000,17,A549_BR1,LNCap_BR2,-0.11695853290154934
40000,17,A549_BR1,HFFc6_BR1,0.7049988515018414
40000,17,A549_BR1,HFFc6_BR2,0.7178928162295712
40000,17,A549_BR1,HFFc6_BR3,0.8570605798977609
40000,17,A549_BR1,H1-hESC_BR1,0.74382345237209
40000,17,A549_BR1,H1-hESC_BR2,0.759162694781113
40000,17,A549_BR2,LNCap_BR1,0.46830283021977226
40000,17,A549_BR2,LNCap_BR2,0.3452407445121927
40000,17,A549_BR2,HFFc6_BR1,0.73900514200223
40000,17,A549_BR2,HFFc6_BR2,0.7601593691950953
40000,17,A549_BR2,HFFc6_BR3,0.7159632611192639
40000,17,A549_BR2,H1-hESC_BR1,0.47257986438997385
40000,17,A549_BR2,H1-hESC_BR2,0.49754149487764426
40000,17,LNCap_BR1,LNCap_BR2,0.9795354449434341
40000,17,LNCap_BR1,HFFc6_BR1,0.24084136627683198
40000,17,LNCap_BR1,HFFc6_BR2,0.24923588728177717
40000,17,LNCap_BR1,HFFc6_BR3,-0.10094284355009608
40000,17,LNCap_BR1,H1-hESC_BR1,-0.3828127028804501
40000,17,LNCap_BR1,H1-hESC_BR2,-0.35177331562046493
40000,17,LNCap_BR2,HFFc6_BR1,0.16134738954847475
40000,17,LNCap_BR2,HFFc6_BR2,0.15795609013912904
40000,17,LNCap_BR2,HFFc6_BR3,-0.20862165505671507
40000,17,LNCap_BR2,H1-hESC_BR1,-0.5044331287787291
40000,17,LNCap_BR2,H1-hESC_BR2,-0.4733685007664008
40000,17,HFFc6_BR1,HFFc6_BR2,0.9230415220936852
40000,17,HFFc6_BR1,HFFc6_BR3,0.8477856864270887
40000,17,HFFc6_BR1,H1-hESC_BR1,0.6451790429222367
40000,17,HFFc6_BR1,H1-hESC_BR2,0.675488920938768
40000,17,HFFc6_BR2,HFFc6_BR3,0.8839539117495486
40000,17,HFFc6_BR2,H1-hESC_BR1,0.6525049145896735
40000,17,HFFc6_BR2,H1-hESC_BR2,0.6815741417150796
40000,17,HFFc6_BR3,H1-hESC_BR1,0.8003443125075925
40000,17,HFFc6_BR3,H1-hESC_BR2,0.8220582213656829
40000,17,H1-hESC_BR1,H1-hESC_BR2,0.9950642300470025
40000,18,G401_BR1,G401_BR2,0.9905846405263976
40000,18,G401_BR1,A549_BR1,0.4510501538576921
40000,18,G401_BR1,A549_BR2,0.3126355579121378
40000,18,G401_BR1,LNCap_BR1,0.16449924158067836
40000,18,G401_BR1,LNCap_BR2,0.258897729870336
40000,18,G401_BR1,HFFc6_BR1,0.1384293111604422
40000,18,G401_BR1,HFFc6_BR2,0.43678705427148584
40000,18,G401_BR1,HFFc6_BR3,0.2880378154461366
40000,18,G401_BR1,H1-hESC_BR1,0.5326356841831731
40000,18,G401_BR1,H1-hESC_BR2,0.5881930479274161
40000,18,G401_BR2,A549_BR1,0.38221420121593797
40000,18,G401_BR2,A549_BR2,0.24036483662116662
40000,18,G401_BR2,LNCap_BR1,0.16329678498410333
40000,18,G401_BR2,LNCap_BR2,0.2833222574922477
40000,18,G401_BR2,HFFc6_BR1,0.16058110617129717
40000,18,G401_BR2,HFFc6_BR2,0.4027798982064299
40000,18,G401_BR2,HFFc6_BR3,0.3123881387212377
40000,18,G401_BR2,H1-hESC_BR1,0.4916838482516768
40000,18,G401_BR2,H1-hESC_BR2,0.5635053510089094
40000,18,A549_BR1,A549_BR2,0.9614932048943285
40000,18,A549_BR1,LNCap_BR1,0.6475572216455276
40000,18,A549_BR1,LNCap_BR2,0.518983353863381
40000,18,A549_BR1,HFFc6_BR1,-0.25206386351829985
40000,18,A549_BR1,HFFc6_BR2,0.3256265118836207
40000,18,A549_BR1,HFFc6_BR3,0.23162767712825547
40000,18,A549_BR1,H1-hESC_BR1,0.4373483691510003
40000,18,A549_BR1,H1-hESC_BR2,0.38047461825566464
40000,18,A549_BR2,LNCap_BR1,0.5976777864097418
40000,18,A549_BR2,LNCap_BR2,0.5033690245937257
40000,18,A549_BR2,HFFc6_BR1,-0.2328155081336876
40000,18,A549_BR2,HFFc6_BR2,0.21195918648159326
40000,18,A549_BR2,HFFc6_BR3,0.10970681740710549
40000,18,A549_BR2,H1-hESC_BR1,0.2836270844876306
40000,18,A549_BR2,H1-hESC_BR2,0.22583486946684106
40000,18,LNCap_BR1,LNCap_BR2,0.892240881620943
40000,18,LNCap_BR1,HFFc6_BR1,-0.4269618740889593
40000,18,LNCap_BR1,HFFc6_BR2,0.13865913156584694
40000,18,LNCap_BR1,HFFc6_BR3,0.4665294883073318
40000,18,LNCap_BR1,H1-hESC_BR1,0.40177934467911014
40000,18,LNCap_BR1,H1-hESC_BR2,0.37690474309106664
40000,18,LNCap_BR2,HFFc6_BR1,-0.291620707892317
40000,18,LNCap_BR2,HFFc6_BR2,0.13271149321232492
40000,18,LNCap_BR2,HFFc6_BR3,0.406590551265954
40000,18,LNCap_BR2,H1-hESC_BR1,0.2867359208349272
40000,18,LNCap_BR2,H1-hESC_BR2,0.3274803456485142
40000,18,HFFc6_BR1,HFFc6_BR2,0.23151388321769728
40000,18,HFFc6_BR1,HFFc6_BR3,0.17945594363323047
40000,18,HFFc6_BR1,H1-hESC_BR1,-0.08493879551241637
40000,18,HFFc6_BR1,H1-hESC_BR2,0.013895266356839816
40000,18,HFFc6_BR2,HFFc6_BR3,0.7088375092785049
40000,18,HFFc6_BR2,H1-hESC_BR1,0.5419319625779028
40000,18,HFFc6_BR2,H1-hESC_BR2,0.5779379187058935
40000,18,HFFc6_BR3,H1-hESC_BR1,0.35504452817919924
40000,18,HFFc6_BR3,H1-hESC_BR2,0.41060405004201983
40000,18,H1-hESC_BR1,H1-hESC_BR2,0.9708635482611719
40000,19,G401_BR1,G401_BR2,0.9926999330506479
40000,19,G401_BR1,A549_BR1,0.5573322335737492
40000,19,G401_BR1,A549_BR2,0.5325406908391105
40000,19,G401_BR1,LNCap_BR1,0.6116559293299513
40000,19,G401_BR1,LNCap_BR2,0.6297652056032769
40000,19,G401_BR1,HFFc6_BR1,0.8135049594683187
40000,19,G401_BR1,HFFc6_BR2,0.7585812611642011
40000,19,G401_BR1,HFFc6_BR3,0.8739105099573506
40000,19,G401_BR1,H1-hESC_BR1,0.7245900559217535
40000,19,G401_BR1,H1-hESC_BR2,0.758313001999689
40000,19,G401_BR2,A549_BR1,0.609736869325842
40000,19,G401_BR2,A549_BR2,0.5862570063608536
40000,19,G401_BR2,LNCap_BR1,0.6371212019552706
40000,19,G401_BR2,LNCap_BR2,0.6644428383472802
40000,19,G401_BR2,HFFc6_BR1,0.8185943085969414
40000,19,G401_BR2,HFFc6_BR2,0.7425372149747892
40000,19,G401_BR2,HFFc6_BR3,0.8679349001050182
40000,19,G401_BR2,H1-hESC_BR1,0.7237108143416333
40000,19,G401_BR2,H1-hESC_BR2,0.757696194532131
40000,19,A549_BR1,A549_BR2,0.9978571300543478
40000,19,A549_BR1,LNCap_BR1,0.3616827908353131
40000,19,A549_BR1,LNCap_BR2,0.4490518094565234
40000,19,A549_BR1,HFFc6_BR1,0.3800521985360047
40000,19,A549_BR1,HFFc6_BR2,0.31172254509298825
40000,19,A549_BR1,HFFc6_BR3,0.3608687802671728
40000,19,A549_BR1,H1-hESC_BR1,0.4449284774402218
40000,19,A549_BR1,H1-hESC_BR2,0.439366856510644
40000,19,A549_BR2,LNCap_BR1,0.3526840576805631
40000,19,A549_BR2,LNCap_BR2,0.4397636048163462
40000,19,A549_BR2,HFFc6_BR1,0.3308511002124882
40000,19,A549_BR2,HFFc6_BR2,0.2645484338404918
40000,19,A549_BR2,HFFc6_BR3,0.3165963203015715
40000,19,A549_BR2,H1-hESC_BR1,0.3967635781788449
40000,19,A549_BR2,H1-hESC_BR2,0.3904066288668805
40000,19,LNCap_BR1,LNCap_BR2,0.9909634115685387
40000,19,LNCap_BR1,HFFc6_BR1,0.5177983966473348
40000,19,LNCap_BR1,HFFc6_BR2,0.4895268753170182
40000,19,LNCap_BR1,HFFc6_BR3,0.5410048760888774
40000,19,LNCap_BR1,H1-hESC_BR1,0.4971931686132889
40000,19,LNCap_BR1,H1-hESC_BR2,0.5223120265026971
40000,19,LNCap_BR2,HFFc6_BR1,0.5285646524083444
40000,19,LNCap_BR2,HFFc6_BR2,0.48424796961726685
40000,19,LNCap_BR2,HFFc6_BR3,0.5403856338134018
40000,19,LNCap_BR2,H1-hESC_BR1,0.5203198377990524
40000,19,LNCap_BR2,H1-hESC_BR2,0.5427841037530489
40000,19,HFFc6_BR1,HFFc6_BR2,0.8772653707150073
40000,19,HFFc6_BR1,HFFc6_BR3,0.9504169711285995
40000,19,HFFc6_BR1,H1-hESC_BR1,0.8634079083007021
40000,19,HFFc6_BR1,H1-hESC_BR2,0.9005159181999882
40000,19,HFFc6_BR2,HFFc6_BR3,0.9509270864012274
40000,19,HFFc6_BR2,H1-hESC_BR1,0.8612562200821758
40000,19,HFFc6_BR2,H1-hESC_BR2,0.8813443657267739
40000,19,HFFc6_BR3,H1-hESC_BR1,0.8491019277529744
40000,19,HFFc6_BR3,H1-hESC_BR2,0.8846749706321189
40000,19,H1-hESC_BR1,H1-hESC_BR2,0.994827352807119
40000,20,G401_BR1,G401_BR2,0.9867270882889624
40000,20,G401_BR1,A549_BR1,0.4783492918579468
40000,20,G401_BR1,A549_BR2,0.398792322608332
40000,20,G401_BR1,LNCap_BR1,0.20396075324838353
40000,20,G401_BR1,LNCap_BR2,0.032407996886321795
40000,20,G401_BR1,HFFc6_BR1,0.41399018435230117
40000,20,G401_BR1,HFFc6_BR2,0.7410059186064377
40000,20,G401_BR1,HFFc6_BR3,0.6433076291431831
40000,20,G401_BR1,H1-hESC_BR1,0.5012628095913731
40000,20,G401_BR1,H1-hESC_BR2,0.43665036362868703
40000,20,G401_BR2,A549_BR1,0.5759149934957566
40000,20,G401_BR2,A549_BR2,0.5055915486030167
40000,20,G401_BR2,LNCap_BR1,0.3044731535823825
40000,20,G401_BR2,LNCap_BR2,0.15388963312405873
40000,20,G401_BR2,HFFc6_BR1,0.46115621298082093
40000,20,G401_BR2,HFFc6_BR2,0.7641528576369625
40000,20,G401_BR2,HFFc6_BR3,0.7164634349408426
40000,20,G401_BR2,H1-hESC_BR1,0.5397873059705488
40000,20,G401_BR2,H1-hESC_BR2,0.4854536332519723
40000,20,A549_BR1,A549_BR2,0.9901177947558533
40000,20,A549_BR1,LNCap_BR1,0.8276043620418146
40000,20,A549_BR1,LNCap_BR2,0.7768570545462562
40000,20,A549_BR1,HFFc6_BR1,0.2311477287181593
40000,20,A549_BR1,HFFc6_BR2,0.5066990300431166
40000,20,A549_BR1,HFFc6_BR3,0.6282417711851439
40000,20,A549_BR1,H1-hESC_BR1,0.6249448646576402
40000,20,A549_BR1,H1-hESC_BR2,0.5880279357371861
40000,20,A549_BR2,LNCap_BR1,0.8361564065176678
40000,20,A549_BR2,LNCap_BR2,0.8031667616620531
40000,20,A549_BR2,HFFc6_BR1,0.21812646508816017
40000,20,A549_BR2,HFFc6_BR2,0.46039137607361535
40000,20,A549_BR2,HFFc6_BR3,0.6119383103249815
40000,20,A549_BR2,H1-hESC_BR1,0.5682928577228276
40000,20,A549_BR2,H1-hESC_BR2,0.5461191852127825
40000,20,LNCap_BR1,LNCap_BR2,0.955698366075298
40000,20,LNCap_BR1,HFFc6_BR1,0.06774728697843346
40000,20,LNCap_BR1,HFFc6_BR2,0.42368646396158505
40000,20,LNCap_BR1,HFFc6_BR3,0.573502314583815
40000,20,LNCap_BR1,H1-hESC_BR1,0.49813352040523795
40000,20,LNCap_BR1,H1-hESC_BR2,0.45072590754180586
40000,20,LNCap_BR2,HFFc6_BR1,0.11352009633937321
40000,20,LNCap_BR2,HFFc6_BR2,0.2850841480867883
40000,20,LNCap_BR2,HFFc6_BR3,0.5108170659004644
40000,20,LNCap_BR2,H1-hESC_BR1,0.44872448628088285
40000,20,LNCap_BR2,H1-hESC_BR2,0.43605822993223115
40000,20,HFFc6_BR1,HFFc6_BR2,0.6641204550190631
40000,20,HFFc6_BR1,HFFc6_BR3,0.729363411838473
40000,20,HFFc6_BR1,H1-hESC_BR1,0.4922334374034873
40000,20,HFFc6_BR1,H1-hESC_BR2,0.6076815682703623
40000,20,HFFc6_BR2,HFFc6_BR3,0.8994662228352185
40000,20,HFFc6_BR2,H1-hESC_BR1,0.5538416761549696
40000,20,HFFc6_BR2,H1-hESC_BR2,0.5417427552713222
40000,20,HFFc6_BR3,H1-hESC_BR1,0.5558411087197563
40000,20,HFFc6_BR3,H1-hESC_BR2,0.5647947263871179
40000,20,H1-hESC_BR1,H1-hESC_BR2,0.971030005650183
40000,21,G401_BR1,G401_BR2,0.9638046473979406
40000,21,G401_BR1,A549_BR1,0.5432171089252297
40000,21,G401_BR1,A549_BR2,0.5384405205516356
40000,21,G401_BR1,LNCap_BR1,0.39821920859473814
40000,21,G401_BR1,LNCap_BR2,0.4834920478674116
40000,21,G401_BR1,HFFc6_BR1,0.6514002380498947
40000,21,G401_BR1,HFFc6_BR2,0.7026248770649579
40000,21,G401_BR1,HFFc6_BR3,0.6441712319486085
40000,21,G401_BR1,H1-hESC_BR1,0.49094994109568224
40000,21,G401_BR1,H1-hESC_BR2,0.39960882523625973
40000,21,G401_BR2,A549_BR1,0.44380986955773816
40000,21,G401_BR2,A549_BR2,0.440764906588175
40000,21,G401_BR2,LNCap_BR1,0.4738084463529815
40000,21,G401_BR2,LNCap_BR2,0.571614357354363
40000,21,G401_BR2,HFFc6_BR1,0.7153774081546006
40000,21,G401_BR2,HFFc6_BR2,0.660153282112861
40000,21,G401_BR2,HFFc6_BR3,0.7348508879304088
40000,21,G401_BR2,H1-hESC_BR1,0.5458997781735012
40000,21,G401_BR2,H1-hESC_BR2,0.5056029090233913
40000,21,A549_BR1,A549_BR2,0.9927152646865545
40000,21,A549_BR1,LNCap_BR1,0.4299571161871213
40000,21,A549_BR1,LNCap_BR2,0.5480351288090297
40000,21,A549_BR1,HFFc6_BR1,0.4481548748832875
40000,21,A549_BR1,HFFc6_BR2,0.8029386025877727
40000,21,A549_BR1,HFFc6_BR3,0.46723927740829313
40000,21,A549_BR1,H1-hESC_BR1,0.335357938043036
40000,21,A549_BR1,H1-hESC_BR2,0.044108950409259017
40000,21,A549_BR2,LNCap_BR1,0.4642553961828265
40000,21,A549_BR2,LNCap_BR2,0.5705972993056874
40000,21,A549_BR2,HFFc6_BR1,0.43941272150824734
40000,21,A549_BR2,HFFc6_BR2,0.8096786317526703
40000,21,A549_BR2,HFFc6_BR3,0.46441908741078824
40000,21,A549_BR2,H1-hESC_BR1,0.3541810859726294
40000,21,A549_BR2,H1-hESC_BR2,0.057418939822101965
40000,21,LNCap_BR1,LNCap_BR2,0.928966404938528
40000,21,LNCap_BR1,HFFc6_BR1,0.3425530115484328
40000,21,LNCap_BR1,HFFc6_BR2,0.5971025678536381
40000,21,LNCap_BR1,HFFc6_BR3,0.6132439101314199
40000,21,LNCap_BR1,H1-hESC_BR1,0.7238933352341386
40000,21,LNCap_BR1,H1-hESC_BR2,0.5179670913838158
40000,21,LNCap_BR2,HFFc6_BR1,0.4807744196403718
40000,21,LNCap_BR2,HFFc6_BR2,0.666590671118584
40000,21,LNCap_BR2,HFFc6_BR3,0.6846383559624619
40000,21,LNCap_BR2,H1-hESC_BR1,0.5885174366986585
40000,21,LNCap_BR2,H1-hESC_BR2,0.40511112130128374
40000,21,HFFc6_BR1,HFFc6_BR2,0.7278860524034899
40000,21,HFFc6_BR1,HFFc6_BR3,0.9266634407429197
40000,21,HFFc6_BR1,H1-hESC_BR1,0.4698882879100689
40000,21,HFFc6_BR1,H1-hESC_BR2,0.4797851182894647
40000,21,HFFc6_BR2,HFFc6_BR3,0.7726802291684955
40000,21,HFFc6_BR2,H1-hESC_BR1,0.5718760789026794
40000,21,HFFc6_BR2,H1-hESC_BR2,0.34691786658971857
40000,21,HFFc6_BR3,H1-hESC_BR1,0.661462469662586
40000,21,HFFc6_BR3,H1-hESC_BR2,0.6126007790121997
40000,21,H1-hESC_BR1,H1-hESC_BR2,0.9144276493212098
40000,22,G401_BR1,G401_BR2,0.9795438210661328
40000,22,G401_BR1,A549_BR1,0.8485484264539641
40000,22,G401_BR1,A549_BR2,0.7267698992024321
40000,22,G401_BR1,LNCap_BR1,0.5486620428250667
40000,22,G401_BR1,LNCap_BR2,0.04154487361560082
40000,22,G401_BR1,HFFc6_BR1,0.8855572137946719
40000,22,G401_BR1,HFFc6_BR2,0.9041529218997083
40000,22,G401_BR1,HFFc6_BR3,0.9094332709295025
40000,22,G401_BR1,H1-hESC_BR1,0.7637154824499827
40000,22,G401_BR1,H1-hESC_BR2,0.7960932801418402
40000,22,G401_BR2,A549_BR1,0.8728538516731297
40000,22,G401_BR2,A549_BR2,0.7439194549589832
40000,22,G401_BR2,LNCap_BR1,0.5932168172341692
40000,22,G401_BR2,LNCap_BR2,-0.0064781864519080756
40000,22,G401_BR2,HFFc6_BR1,0.9219248902724179
40000,22,G401_BR2,HFFc6_BR2,0.9190427036725318
40000,22,G401_BR2,HFFc6_BR3,0.932432029949673
40000,22,G401_BR2,H1-hESC_BR1,0.8499028992051235
40000,22,G401_BR2,H1-hESC_BR2,0.8793866594742016
40000,22,A549_BR1,A549_BR2,0.9356978329163156
40000,22,A549_BR1,LNCap_BR1,0.6261385582677574
40000,22,A549_BR1,LNCap_BR2,0.07425225706756153
40000,22,A549_BR1,HFFc6_BR1,0.7521197687119312
40000,22,A549_BR1,HFFc6_BR2,0.7498012519329275
40000,22,A549_BR1,HFFc6_BR3,0.7513682750786319
40000,22,A549_BR1,H1-hESC_BR1,0.7788659101293132
40000,22,A549_BR1,H1-hESC_BR2,0.8137554447582473
40000,22,A549_BR2,LNCap_BR1,0.4699441392689662
40000,22,A549_BR2,LNCap_BR2,0.19631977722541943
40000,22,A549_BR2,HFFc6_BR1,0.6437390414465064
40000,22,A549_BR2,HFFc6_BR2,0.6167109034717427
40000,22,A549_BR2,HFFc6_BR3,0.6193988745580628
40000,22,A549_BR2,H1-hESC_BR1,0.6230442430876263
40000,22,A549_BR2,H1-hESC_BR2,0.6632646148193312
40000,22,LNCap_BR1,LNCap_BR2,0.24323554090954463
40000,22,LNCap_BR1,HFFc6_BR1,0.4516589442038075
40000,22,LNCap_BR1,HFFc6_BR2,0.47742907043664407
40000,22,LNCap_BR1,HFFc6_BR3,0.4498717449818673
40000,22,LNCap_BR1,H1-hESC_BR1,0.5508249368689678
40000,22,LNCap_BR1,H1-hESC_BR2,0.5690298692072863
40000,22,LNCap_BR2,HFFc6_BR1,-0.07196011192541325
40000,22,LNCap_BR2,HFFc6_BR2,-0.06612305109589167
40000,22,LNCap_BR2,HFFc6_BR3,-0.12668905215477752
40000,22,LNCap_BR2,H1-hESC_BR1,-0.19810666689699938
40000,22,LNCap_BR2,H1-hESC_BR2,-0.17116244452811552
40000,22,HFFc6_BR1,HFFc6_BR2,0.9743455101835392
40000,22,HFFc6_BR1,HFFc6_BR3,0.9823342120929786
40000,22,HFFc6_BR1,H1-hESC_BR1,0.8634731484149079
40000,22,HFFc6_BR1,H1-hESC_BR2,0.8800670921010498
40000,22,HFFc6_BR2,HFFc6_BR3,0.9887173237244881
40000,22,HFFc6_BR2,H1-hESC_BR1,0.8581852240192329
40000,22,HFFc6_BR2,H1-hESC_BR2,0.8624536582309112
40000,22,HFFc6_BR3,H1-hESC_BR1,0.8562470621274981
40000,22,HFFc6_BR3,H1-hESC_BR2,0.8629033658038976
40000,22,H1-hESC_BR1,H1-hESC_BR2,0.9925915477902773
